domain,label,Source_File,Type,Layer,Text,true,pred
Moscow,l1,output(1)_3_ДЖКХпр-23_02382tp.dxf,TEXT,Номер дома,1А,Здания и сооружения,Горизонтали
Moscow,l1,output(1)_3_ДЖКХпр-23_02382tp.dxf,TEXT,Номер дома,31/22,Здания и сооружения,Горизонтали
Moscow,l1,output(1)_3_ДЖКХпр-23_02382tp.dxf,TEXT,Номер дома,31/22,Здания и сооружения,Горизонтали
Moscow,l1,output(1)_3_ДЖКХпр-23_02382tp.dxf,TEXT,Номер дома,58С.17,Здания и сооружения,Горизонтали
Moscow,l1,output(1)_3_ДЖКХпр-23_02382tp.dxf,TEXT,Номер дома,31/22,Здания и сооружения,Горизонтали
Moscow,l1,output(1)_3_ДЖКХпр-23_02382tp.dxf,TEXT,Номер дома,25/33,Здания и сооружения,Горизонтали
Moscow,l1,output(1)_3_ДЖКХпр-23_02382tp.dxf,TEXT,Номер дома,25/33,Здания и сооружения,Горизонтали
Moscow,l1,output(1)_3_ДЖКХпр-23_02382tp.dxf,TEXT,Номер дома,25/33,Здания и сооружения,Горизонтали
Moscow,l1,output(1)_3_ДЖКХпр-23_02382tp.dxf,TEXT,Номер дома,31/22,Здания и сооружения,Горизонтали
Moscow,l1,output(1-2)_3_ДЖКХпр-24_00875up.dxf,TEXT,Общий коллектор,183.70в.колл.,Инженерные сети,Неизвестно
Moscow,l1,output(1-2)_3_ДЖКХпр-24_00875up.dxf,TEXT,Общий коллектор,180.29п.колл.,Инженерные сети,Неизвестно
Moscow,l1,output(1-2)_3_ДЖКХпр-24_00875up.dxf,TEXT,Кабель электрический,179.57в.тр.,Инженерные сети,Рельеф
Moscow,l1,output(1-2)_3_ДЖКХпр-24_00875up.dxf,TEXT,Кабель связи,185.27в.тр.,Инженерные сети,Рельеф
Moscow,l1,output(1-2)_edge001(5).dxf,TEXT,0,проезд,Твердые покрытия,Неизвестно
Moscow,l1,output(1-3)_3_3458ЖДС-21tp.dxf,TEXT,Железные дороги,164.50,Служебные элементы,Элементы благоустройства
Moscow,l1,output(1-3)_3_3458ЖДС-21tp.dxf,TEXT,Граница улицы,УЛИЦА                       ДВИНЦЕВ,Элементы благоустройства,Твердые покрытия
Moscow,l1,output(1-3)_3_3458ЖДС-21tp.dxf,TEXT,Фонтаны,АРОЧ.П.,Инженерные сети,Служебные элементы
Moscow,l1,output(1-3)_3_3458ЖДС-21tp.dxf,TEXT,Фонтаны,АРОЧ.П.,Инженерные сети,Служебные элементы
Moscow,l1,output(1-3)_3_3458ЖДС-21tp.dxf,TEXT,Фонтаны,АРОЧ.П.,Инженерные сети,Служебные элементы
Moscow,l1,output(1-3)_3_3458ЖДС-21tp.dxf,TEXT,Граница улицы,УЛИЦА                       ДВИНЦЕВ,Элементы благоустройства,Твердые покрытия
Moscow,l1,output(1-3)_3_ДЖКХпр-24_00880up.dxf,TEXT,Общий коллектор,176.75,Служебные элементы,Неизвестно
Moscow,l1,output(1-3)_3_ДЖКХпр-24_00880up.dxf,TEXT,Общий коллектор,176.75,Служебные элементы,Неизвестно
Moscow,l1,output(1-3)_3_ДЖКХпр-24_00880up.dxf,TEXT,Водосток,178.23,Служебные элементы,Инженерные сети
Moscow,l1,output(1-3)_3_ДЖКХпр-24_00880up.dxf,TEXT,Водосток,178.23,Служебные элементы,Инженерные сети
Moscow,l1,output(1-3)_3_ДЖКХпр-24_00880up.dxf,TEXT,Водосток,178.13,Служебные элементы,Инженерные сети
Moscow,l1,output(1-3)_3_ДЖКХпр-24_00880up.dxf,TEXT,Теплосеть,177.80,Служебные элементы,Инженерные сети
Moscow,l1,output(1-3)_3_ДЖКХпр-24_00880up.dxf,TEXT,Теплосеть,177.80,Служебные элементы,Инженерные сети
Moscow,l1,output(1-3)_3_ДЖКХпр-24_00880up.dxf,TEXT,Водосток,178.27,Служебные элементы,Инженерные сети
Moscow,l1,output(1-3)_3_ДЖКХпр-24_00880up.dxf,TEXT,Водосток,178.27,Служебные элементы,Инженерные сети
Moscow,l1,output(1-3)_3_ДЖКХпр-24_00880up.dxf,TEXT,Кабель связи,176.16,Служебные элементы,Инженерные сети
Moscow,l1,output(1-3)_3_ДЖКХпр-24_00880up.dxf,TEXT,Кабель связи,176.60,Служебные элементы,Инженерные сети
Moscow,l1,output(1-3)_3_ДЖКХпр-24_00880up.dxf,TEXT,Кабель связи,176.92,Служебные элементы,Инженерные сети
Moscow,l1,output(1-3)_3_ДЖКХпр-24_00880up.dxf,TEXT,Кабели,177.54,Служебные элементы,Инженерные сети
Moscow,l1,output(1-3)_3_ДЖКХпр-24_00880up.dxf,TEXT,Кабель связи,177.97,Служебные элементы,Инженерные сети
Moscow,l1,output(1-3)_3_ДЖКХпр-24_00880up.dxf,TEXT,Кабель связи,178.29,Служебные элементы,Инженерные сети
Moscow,l1,output(1-3)_3_ДЖКХпр-24_00880up.dxf,TEXT,Водосток,176.28,Служебные элементы,Инженерные сети
Moscow,l1,output(1-3)_3_ДЖКХпр-24_00880up.dxf,TEXT,Водосток,176.02,Служебные элементы,Инженерные сети
Moscow,l1,output(1-3)_3_ДЖКХпр-24_00880up.dxf,TEXT,Водосток,175.74,Служебные элементы,Инженерные сети
Moscow,l1,output(1-3)_3_ДЖКХпр-24_00880up.dxf,TEXT,Водосток,177.75,Служебные элементы,Инженерные сети
Moscow,l1,output(1-3)_3_ДЖКХпр-24_00880up.dxf,TEXT,Теплосеть,176.16,Служебные элементы,Инженерные сети
Moscow,l1,output(1-3)_3_ДЖКХпр-24_00880up.dxf,TEXT,Кабель связи,175.81,Служебные элементы,Инженерные сети
Moscow,l1,output(1-3)_3_ДЖКХпр-24_00880up.dxf,TEXT,Общий коллектор,Общий коллектор,Инженерные сети,Неизвестно
Moscow,l1,output(1-3)_МКА-19_ЗАО_00044up.dxf,TEXT,Водосток,155.21,Служебные элементы,Инженерные сети
Moscow,l1,output(1-4)_3_ДКР-19_1_00528up.dxf,TEXT,Канализация самотёчная,К,Здания и сооружения,Инженерные сети
Moscow,l1,output(1-4)_3_ДКР-19_1_00528up.dxf,TEXT,Общий коллектор,Общий коллектор,Инженерные сети,Неизвестно
Moscow,l1,output(1-5)_3_ДКР-19_1_00550tp.dxf,TEXT,Граница улицы,УЛИЦА     ЦЮРУПЫ,Элементы благоустройства,Твердые покрытия
Moscow,l1,output(1-5)_3_ДКР-19_1_00550tp.dxf,TEXT,Граница улицы,БОЛОТНИКОВСКАЯ,Элементы благоустройства,Водные объекты
Moscow,l1,output(1-5)_3_ДКР-19_1_00550tp.dxf,TEXT,Граница улицы,БОЛОТНИКОВСКАЯ,Элементы благоустройства,Водные объекты
Moscow,l1,output(1-5)_3_ДКР-19_1_00550tp.dxf,TEXT,Граница улицы,БОЛОТНИКОВСКАЯ,Элементы благоустройства,Водные объекты
Moscow,l1,output(1-5)_3_ДКР-19_1_00550tp.dxf,TEXT,Граница улицы,БОЛОТНИКОВСКАЯ,Элементы благоустройства,Водные объекты
Moscow,l1,output(1-5)_3_ДКР-19_1_00550tp.dxf,TEXT,Номер дома,28Г,Здания и сооружения,Горизонтали
Moscow,l1,output(1-5)_3_ДКР-19_1_00550tp.dxf,TEXT,Граница улицы,БОЛОТНИКОВСКАЯ       УЛИЦА,Элементы благоустройства,Водные объекты
Moscow,l1,output(1-5)_3_ДКР-19_1_00550up.dxf,TEXT,Общий коллектор,Общий коллектор,Инженерные сети,Неизвестно
Moscow,l1,output(1-5)_3_ДКР-19_1_00550up.dxf,TEXT,Водосток,172.78,Служебные элементы,Инженерные сети
Moscow,l1,output(1-5)_3_ДКР-19_1_00550up.dxf,TEXT,Общий коллектор,общий коллектор d=3130,Инженерные сети,Неизвестно
Moscow,l1,output(1-5)_3_ДКР-19_1_00550up.dxf,TEXT,Канализация самотёчная,К,Здания и сооружения,Инженерные сети
Moscow,l1,output(1-5)_3_ДКР-19_1_00550up.dxf,TEXT,Общий коллектор,общий коллектор,Инженерные сети,Неизвестно
Moscow,l1,output(1-5)_3_ДКР-19_1_00550up.dxf,TEXT,Общий коллектор, 3130x3130,Инженерные сети,Неизвестно
Moscow,l1,output(1-5)_3_ДКР-19_1_00550up.dxf,TEXT,Водосток,181.17,Служебные элементы,Инженерные сети
Moscow,l1,output(1-5)_3_ДКР-19_1_00550up.dxf,TEXT,Общий коллектор,Общий коллектор 2500х3000,Инженерные сети,Неизвестно
Moscow,l1,output(1-5)_3_ДКР-19_1_00550up.dxf,TEXT,Общий коллектор,Общий коллектор,Инженерные сети,Неизвестно
Moscow,l1,output(1-5)_3_ДКР-19_1_00550up.dxf,TEXT,Общий коллектор,Общий кол-тор,Инженерные сети,Неизвестно
Moscow,l1,output(1-5)_edge003(1).dxf,TEXT,0,29.01.24,Служебные элементы,Неизвестно
Moscow,l1,output(1-5)_edge003(1).dxf,TEXT,0,29.01.24,Служебные элементы,Неизвестно
Moscow,l1,output(1-5)_edge003(1).dxf,TEXT,0,29.01.24,Служебные элементы,Неизвестно
Moscow,l1,output(1-6)_3_ДЖКХпр-24_00859tp.dxf,TEXT,Береговая линия,120.30,Служебные элементы,Неизвестно
Moscow,l1,output(1-6)_3_ДЖКХпр-24_00859tp.dxf,TEXT,Горизонтали,125,Горизонтали,Служебные элементы
Moscow,l1,output(1-6)_3_ДЖКХпр-24_00859tp.dxf,TEXT,Береговая линия,120.15,Служебные элементы,Неизвестно
Moscow,l1,output(1-6)_3_ДЖКХпр-24_00859tp.dxf,TEXT,Номер дома,7 А,Здания и сооружения,Горизонтали
Moscow,l1,output(1-6)_3_ДЖКХпр-24_00859tp.dxf,TEXT,Номер дома,7Б,Здания и сооружения,Горизонтали
Moscow,l1,output(1-6)_МКА-19_ВАО_00037tp.dxf,TEXT,Колодцы,—,Инженерные сети,Служебные элементы
Moscow,l1,output(1-6)_МКА-19_ВАО_00037tp.dxf,TEXT,Береговая линия,147.80,Служебные элементы,Неизвестно
Moscow,l1,output(1-6)_МКА-19_ВАО_00037tp.dxf,TEXT,Береговая линия,147.80,Служебные элементы,Неизвестно
Moscow,l1,output(1-6)_МКА-19_ВАО_00037tp.dxf,TEXT,Береговая линия,147.80,Служебные элементы,Неизвестно
Moscow,l1,output(1-6)_МКА-19_ВАО_00037tp.dxf,TEXT,Береговая линия,147.80,Служебные элементы,Неизвестно
Moscow,l1,output(1-6)_МКА-19_ВАО_00037tp.dxf,TEXT,Береговая линия,147.80,Служебные элементы,Неизвестно
Moscow,l1,output(1-6)_МКА-19_ВАО_00037tp.dxf,TEXT,Геодезические пункты,153.96,Служебные элементы,Горизонтали
Moscow,l1,output(1-6)_МКА-19_ВАО_00037tp.dxf,TEXT,Береговая линия,147.80,Служебные элементы,Неизвестно
Moscow,l1,output(1-6)_МКА-19_ВАО_00037tp.dxf,TEXT,Береговая линия,147.80,Служебные элементы,Неизвестно
Moscow,l1,output(1-6)_МКА-19_ВАО_00037tp.dxf,TEXT,Береговая линия,147.80,Служебные элементы,Неизвестно
Moscow,l1,output(1-6)_МКА-19_ВАО_00037tp.dxf,TEXT,Береговая линия,147.80,Служебные элементы,Неизвестно
Moscow,l1,output(1-6)_МКА-19_ВАО_00037tp.dxf,TEXT,Береговая линия,147.80,Служебные элементы,Неизвестно
Moscow,l1,output(1-6)_МКА-19_ВАО_00037tp.dxf,TEXT,Береговая линия,147.80,Служебные элементы,Неизвестно
Moscow,l1,output(1-6)_МКА-19_ВАО_00037tp.dxf,TEXT,Береговая линия,147.80,Служебные элементы,Неизвестно
Moscow,l1,output(1-6)_МКА-19_ВАО_00037tp.dxf,TEXT,Береговая линия, 147.80,Служебные элементы,Неизвестно
Moscow,l1,output(1-6)_МКА-19_ВАО_00037tp.dxf,TEXT,Береговая линия,147.80 ,Служебные элементы,Неизвестно
Moscow,l1,output(1-6)_МКА-19_ВАО_00037tp.dxf,TEXT,Береговая линия,147.80,Служебные элементы,Неизвестно
Moscow,l1,output(1-6)_МКА-19_ВАО_00037tp.dxf,TEXT,Береговая линия,147.80,Служебные элементы,Неизвестно
Moscow,l1,output(1-6)_МКА-19_ВАО_00037tp.dxf,TEXT,Береговая линия,147.80,Служебные элементы,Неизвестно
Moscow,l1,output(1-6)_МКА-19_ВАО_00037tp.dxf,TEXT,Береговая линия,147.80,Служебные элементы,Неизвестно
Moscow,l1,output(1-6)_МКА-19_ВАО_00037tp.dxf,TEXT,Номер дома,3A,Здания и сооружения,Горизонтали
Moscow,l1,output(1-6)_МКА-19_ВАО_00037tp.dxf,TEXT,Номер дома,1А,Здания и сооружения,Горизонтали
Moscow,l1,output(1-6)_МКА-19_ВАО_00037tp.dxf,TEXT,Граница площадки,161.92,Служебные элементы,Элементы благоустройства
Moscow,l1,output(1-6)_МКА-19_ВАО_00037tp.dxf,TEXT,Граница улицы,А СТР.,Элементы благоустройства,Твердые покрытия
Moscow,l1,output(1-9)_edge002(1).dxf,TEXT,0,Партизанская улица,Неизвестно,Элементы благоустройства
Moscow,l1,output(2)_edge002(3).dxf,TEXT,0,Д,Здания и сооружения,Неизвестно
Moscow,l1,output(2)_edge002(3).dxf,TEXT,0,Д,Здания и сооружения,Неизвестно
Moscow,l1,output(2)_edge002(3).dxf,TEXT,0,К,Здания и сооружения,Неизвестно
Moscow,l1,output(2)_edge002(3).dxf,TEXT,0,К,Здания и сооружения,Неизвестно
Moscow,l1,output(2)_edge002(3).dxf,TEXT,0,.,Неизвестно,Горизонтали
Moscow,l1,output(2)_edge002(3).dxf,TEXT,0,.,Неизвестно,Горизонтали
Moscow,l1,output(2)_edge002(3).dxf,TEXT,0,.,Неизвестно,Горизонтали
Moscow,l1,output(2)_edge002(3).dxf,TEXT,0,.,Неизвестно,Горизонтали
Moscow,l1,output(2)_edge002(3).dxf,TEXT,0,.,Неизвестно,Горизонтали
Moscow,l1,output(2)_edge002(3).dxf,TEXT,0,.,Неизвестно,Горизонтали
Moscow,l1,output(2)_edge002(3).dxf,TEXT,0,.,Неизвестно,Горизонтали
Moscow,l1,output(2)_edge002(3).dxf,TEXT,0,.,Неизвестно,Горизонтали
Moscow,l1,output(2)_edge002(3).dxf,TEXT,0,.,Неизвестно,Горизонтали
Moscow,l1,output(2)_edge002(3).dxf,TEXT,0,.,Неизвестно,Горизонтали
Moscow,l1,output(2)_edge002(3).dxf,TEXT,0,.,Неизвестно,Горизонтали
Moscow,l1,output(3-4)_3_ДЖКХпр-24_00854tp.dxf,TEXT,Части зданий,А РАЗР.,Здания и сооружения,Твердые покрытия
Moscow,l1,output(3-4)_3_ДЖКХпр-24_00854tp.dxf,TEXT,Номер дома,14 С.3,Здания и сооружения,Горизонтали
Moscow,l1,output(5)_3_ДЖКХпр-24_00858pp.dxf,TEXT,Водосток проектный,160.98,Служебные элементы,Инженерные сети
Moscow,l1,output(5)_3_ДЖКХпр-24_00858pp.dxf,TEXT,Водосток проектный,161.33,Служебные элементы,Инженерные сети
Moscow,l1,x_los_part_2_tp.dxf,TEXT,Здания, Ж,Здания и сооружения,Горизонтали
Moscow,l1,x_los_part_2_tp.dxf,TEXT,Геодезические пункты,БН,Инженерные сети,Горизонтали
Moscow,l1,x_los_part_2_tp.dxf,TEXT,Геодезические пункты,157.56,Служебные элементы,Горизонтали
Moscow,l1,x_los_part_2_tp.dxf,TEXT,Леса и газоны, 0.13,Служебные элементы,Горизонтали
Moscow,l1,x_los_part_2_tp.dxf,TEXT,Леса и газоны, 0.13,Служебные элементы,Горизонтали
Moscow,l1,x_los_part_2_tp.dxf,TEXT,Леса и газоны, 0.13,Служебные элементы,Горизонтали
Moscow,l1,x_los_part_2_tp.dxf,TEXT,Леса и газоны, 0.13,Служебные элементы,Горизонтали
Moscow,l1,x_los_part_2_tp.dxf,TEXT,Леса и газоны, 0.13,Служебные элементы,Горизонтали
Moscow,l1,x_los_part_2_tp.dxf,TEXT,Леса и газоны, 0.13,Служебные элементы,Горизонтали
Moscow,l1,x_los_part_2_tp.dxf,TEXT,Леса и газоны, 0.13,Служебные элементы,Горизонтали
Moscow,l1,x_los_part_2_tp.dxf,TEXT,Леса и газоны, 0.13,Служебные элементы,Горизонтали
Moscow,l1,x_los_part_2_tp.dxf,TEXT,Здания, Ж,Здания и сооружения,Горизонтали
Moscow,l1,x_los_part_2_tp.dxf,TEXT,Здания, Ж,Здания и сооружения,Горизонтали
Moscow,l1,x_los_part_2_tp.dxf,TEXT,Здания, Ж,Здания и сооружения,Горизонтали
Moscow,l1,x_los_part_2_tp.dxf,TEXT,Леса и газоны, 0.13,Служебные элементы,Горизонтали
Moscow,l1,x_los_part_2_tp.dxf,TEXT,Леса и газоны, 0.13,Служебные элементы,Горизонтали
Moscow,l1,x_los_part_2_tp.dxf,TEXT,Леса и газоны, 0.13,Служебные элементы,Горизонтали
Moscow,l1,x_los_part_2_tp.dxf,TEXT,Леса и газоны, 0.13,Служебные элементы,Горизонтали
Moscow,l1,x_los_part_2_tp.dxf,TEXT,Леса и газоны, 0.13,Служебные элементы,Горизонтали
Moscow,l1,x_los_part_2_tp.dxf,TEXT,Топографические объекты,909,Горизонтали,Инженерные сети
Moscow,l1,x_los_part_2_tp.dxf,TEXT,Топографические объекты,911,Горизонтали,Инженерные сети
Moscow,l1,x_los_part_2_tp.dxf,TEXT,Леса и газоны, 0.13,Служебные элементы,Горизонтали
Moscow,l1,x_los_part_2_tp.dxf,TEXT,Леса и газоны, 0.13,Служебные элементы,Горизонтали
Moscow,l1,x_los_part_2_tp.dxf,TEXT,Леса и газоны, 0.18,Служебные элементы,Горизонтали
Moscow,l1,x_los_part_2_tp.dxf,TEXT,Береговая линия,144.53,Служебные элементы,Неизвестно
Moscow,l1,x_los_part_2_tp.dxf,TEXT,Береговая линия,144.79,Служебные элементы,Неизвестно
Moscow,l1,x_los_part_2_tp.dxf,TEXT,Береговая линия,145.12,Служебные элементы,Неизвестно
Moscow,l1,x_los_part_2_tp.dxf,TEXT,Береговая линия,145.31,Служебные элементы,Неизвестно
Moscow,l1,x_los_part_2_tp.dxf,TEXT,Граница растительности и грунта,ЗАБОЛОЧЕНО,Озеленение,Водные объекты
Moscow,l1,x_los_part_2_tp.dxf,TEXT,Береговая линия,0.3,Служебные элементы,Неизвестно
Moscow,l1,x_los_part_2_tp.dxf,TEXT,Леса и газоны, 0.18,Служебные элементы,Горизонтали
Moscow,l1,x_los_part_2_tp.dxf,TEXT,Граница растительности и грунта,ЗАБОЛОЧЕНО,Озеленение,Водные объекты
Moscow,l1,x_los_part_2_tp.dxf,TEXT,Береговая линия,145.87,Служебные элементы,Неизвестно
Moscow,l1,x_los_part_2_tp.dxf,TEXT,Береговая линия,145.40,Служебные элементы,Неизвестно
Moscow,l1,x_los_part_2_tp.dxf,TEXT,Береговая линия,0.3,Служебные элементы,Неизвестно
Moscow,l1,x_los_part_2_tp.dxf,TEXT,Береговая линия,145.87,Служебные элементы,Неизвестно
Moscow,l1,x_los_part_2_tp.dxf,TEXT,Граница площадки,147.64,Служебные элементы,Элементы благоустройства
Moscow,l1,x_los_part_2_tp.dxf,TEXT,Граница площадки,149.35,Служебные элементы,Элементы благоустройства
Moscow,l1,x_los_part_2_tp.dxf,TEXT,Граница площадки,148.78,Служебные элементы,Элементы благоустройства
Moscow,l1,x_los_part_2_tp.dxf,TEXT,Граница площадки,148.87,Служебные элементы,Элементы благоустройства
Moscow,l1,x_los_part_2_tp.dxf,TEXT,Граница площадки,147.58,Служебные элементы,Элементы благоустройства
Moscow,l1,x_los_part_2_tp.dxf,TEXT,Граница растительности и грунта,ЗАБОЛОЧЕНО,Озеленение,Водные объекты
Moscow,l1,x_los_part_2_tp.dxf,TEXT,Грунты,XII-2024Г.,Озеленение,Неизвестно
Moscow,l1,x_los_part_2_tp.dxf,TEXT,Грунты,XII-2024Г.,Озеленение,Неизвестно
Moscow,l1,x_los_part_2_tp.dxf,TEXT,Грунты,VIII-2024Г.,Озеленение,Неизвестно
Moscow,l1,x_los_part_2_tp.dxf,TEXT,Просеки в лесу,ПРОСЕКА,Озеленение,Элементы благоустройства
Moscow,l1,x_los_part_2_tp.dxf,TEXT,Просеки в лесу,ПРОСЕКА,Озеленение,Элементы благоустройства
Moscow,l1,x_los_part_2_tp.dxf,TEXT,Просеки в лесу,ПРОСЕКА,Озеленение,Элементы благоустройства
Moscow,l1,x_los_part_2_tp.dxf,TEXT,Топографические объекты,A-20-13-13,Инженерные сети,Неизвестно
Moscow,l1,x_los_part_2_tp.dxf,TEXT,Горизонтали,145,Горизонтали,Служебные элементы
Moscow,l1,x_los_part_2_tp.dxf,TEXT,Горизонтали,145,Горизонтали,Служебные элементы
Moscow,l1,x_los_part_2_tp.dxf,TEXT,Горизонтали,145,Горизонтали,Служебные элементы
Moscow,l1,x_los_part_2_tp.dxf,TEXT,Горизонтали,145,Горизонтали,Служебные элементы
Moscow,l1,x_los_part_2_tp.dxf,TEXT,Горизонтали,145,Горизонтали,Служебные элементы
Moscow,l1,x_los_part_2_tp.dxf,TEXT,Мосты,ДЕР,Водопроницаемые покрытия,Здания и сооружения
Moscow,l1,x_los_part_2_tp.dxf,TEXT,Просеки в лесу,ПРОСЕКА,Озеленение,Элементы благоустройства
Moscow,l1,x_los_part_2_tp.dxf,TEXT,Просеки в лесу,ПРОСЕКА,Озеленение,Элементы благоустройства
Moscow,l1,x_los_part_2_tp.dxf,TEXT,Просеки в лесу,ПРОСЕКА,Озеленение,Элементы благоустройства
Moscow,l1,x_los_part_2_tp.dxf,TEXT,Леса и газоны, 0.26,Служебные элементы,Горизонтали
Moscow,l1,x_los_part_2_tp.dxf,TEXT,Просеки в лесу,ПРОСЕКА,Озеленение,Элементы благоустройства
Moscow,l1,x_los_part_2_tp.dxf,TEXT,Просеки в лесу,ПРОСЕКА,Озеленение,Элементы благоустройства
Moscow,l1,x_los_part_2_tp.dxf,TEXT,Горизонтали,145,Горизонтали,Служебные элементы
Moscow,l1,x_los_part_2_tp.dxf,TEXT,Горизонтали,145,Горизонтали,Служебные элементы
Moscow,l1,x_los_part_2_tp.dxf,TEXT,Горизонтали,145,Горизонтали,Служебные элементы
Moscow,l1,x_los_part_2_tp.dxf,TEXT,Просеки в лесу,ПРОСЕКА,Озеленение,Элементы благоустройства
Moscow,l1,x_los_part_2_tp.dxf,TEXT,Горизонтали,145,Горизонтали,Служебные элементы
Moscow,l1,x_los_part_2_tp.dxf,TEXT,Горизонтали,145,Горизонтали,Служебные элементы
Moscow,l1,x_los_part_2_tp.dxf,TEXT,Просеки в лесу,ПРОСЕКА,Озеленение,Элементы благоустройства
Moscow,l1,x_los_part_2_tp.dxf,TEXT,Береговая линия,0.1,Служебные элементы,Неизвестно
Moscow,l1,x_los_part_2_tp.dxf,TEXT,Береговая линия,141.29,Служебные элементы,Неизвестно
Moscow,l1,x_los_part_2_tp.dxf,TEXT,Просеки в лесу,ПРОСЕКА,Озеленение,Элементы благоустройства
Moscow,l1,x_los_part_2_tp.dxf,TEXT,Просеки в лесу,ПРОСЕКА,Озеленение,Элементы благоустройства
Moscow,l1,x_los_part_2_tp.dxf,TEXT,Просеки в лесу,ПРОСЕКА,Озеленение,Элементы благоустройства
Moscow,l1,x_los_part_2_tp.dxf,TEXT,Леса и газоны, 0.26,Служебные элементы,Горизонтали
Moscow,l1,x_los_part_2_tp.dxf,TEXT,Просеки в лесу,ПРОСЕКА,Озеленение,Элементы благоустройства
Moscow,l1,x_los_part_2_tp.dxf,TEXT,Просеки в лесу,ПРОСЕКА,Озеленение,Элементы благоустройства
Moscow,l1,x_los_part_2_tp.dxf,TEXT,Береговая линия,142.65,Служебные элементы,Неизвестно
Moscow,l1,x_los_part_2_tp.dxf,TEXT,Береговая линия,0.1,Служебные элементы,Неизвестно
Moscow,l1,x_los_part_2_tp.dxf,TEXT,Горизонтали,145,Горизонтали,Служебные элементы
Moscow,l1,x_los_part_2_tp.dxf,TEXT,Береговая линия,141.76,Служебные элементы,Неизвестно
Moscow,l1,x_los_part_2_tp.dxf,TEXT,Береговая линия,141.89,Служебные элементы,Неизвестно
Moscow,l1,x_los_part_2_tp.dxf,TEXT,Береговая линия,0.1,Служебные элементы,Неизвестно
Moscow,l1,x_los_part_2_tp.dxf,TEXT,Геодезические пункты,X=19650,Инженерные сети,Горизонтали
Moscow,l1,x_los_part_2_tp.dxf,TEXT,Геодезические пункты,Y=11500,Инженерные сети,Горизонтали
Moscow,l1,x_los_part_2_tp.dxf,TEXT,Горизонтали,145,Горизонтали,Служебные элементы
Moscow,l1,x_los_part_2_tp.dxf,TEXT,Леса и газоны, 0.26,Служебные элементы,Горизонтали
Moscow,l1,x_los_part_2_tp.dxf,TEXT,Граница растительности и грунта,ЗАБОЛОЧЕНО,Озеленение,Водные объекты
Moscow,l1,x_los_part_2_tp.dxf,TEXT,Береговая линия,0.3,Служебные элементы,Неизвестно
Moscow,l1,x_los_part_2_tp.dxf,TEXT,Береговая линия,144.71,Служебные элементы,Неизвестно
Moscow,l1,x_los_part_2_tp.dxf,TEXT,Граница растительности и грунта,ЗАБОЛОЧЕНО,Озеленение,Водные объекты
Moscow,l1,x_los_part_2_tp.dxf,TEXT,Леса и газоны, 0.33,Служебные элементы,Горизонтали
Moscow,l1,x_los_part_2_tp.dxf,TEXT,Береговая линия,144.68,Служебные элементы,Неизвестно
Moscow,l1,x_los_part_2_tp.dxf,TEXT,Горизонтали,145,Горизонтали,Служебные элементы
Moscow,l1,x_los_part_2_tp.dxf,TEXT,Горизонтали,145,Горизонтали,Служебные элементы
Moscow,l1,x_los_part_2_tp.dxf,TEXT,Береговая линия,0.3,Служебные элементы,Неизвестно
Moscow,l1,x_los_part_2_tp.dxf,TEXT,Леса и газоны, 0.33,Служебные элементы,Горизонтали
Moscow,l1,x_los_part_2_tp.dxf,TEXT,Просеки в лесу,ПРОСЕКА,Озеленение,Элементы благоустройства
Moscow,l1,x_los_part_2_tp.dxf,TEXT,Береговая линия,142.98,Служебные элементы,Неизвестно
Moscow,l1,x_los_part_2_tp.dxf,TEXT,Леса и газоны, 0.33,Служебные элементы,Горизонтали
Moscow,l1,x_los_part_2_tp.dxf,TEXT,Граница растительности и грунта,ЗАБОЛОЧЕНО,Озеленение,Водные объекты
Moscow,l1,x_los_part_2_tp.dxf,TEXT,Леса и газоны, 0.26,Служебные элементы,Горизонтали
Moscow,l1,x_los_part_2_tp.dxf,TEXT,Береговая линия,0.3,Служебные элементы,Неизвестно
Moscow,l1,x_los_part_2_tp.dxf,TEXT,Береговая линия,0.1,Служебные элементы,Неизвестно
Moscow,l1,x_los_part_2_tp.dxf,TEXT,Береговая линия,143.38,Служебные элементы,Неизвестно
Moscow,l1,x_los_part_2_tp.dxf,TEXT,Береговая линия,144.39,Служебные элементы,Неизвестно
Moscow,l1,x_los_part_2_tp.dxf,TEXT,Горизонтали,145,Горизонтали,Служебные элементы
Moscow,l1,x_los_part_2_tp.dxf,TEXT,Горизонтали,145,Горизонтали,Служебные элементы
Moscow,l1,x_los_part_2_tp.dxf,TEXT,Горизонтали,145,Горизонтали,Служебные элементы
Moscow,l1,x_los_part_2_tp.dxf,TEXT,Леса и газоны,   0.40,Служебные элементы,Горизонтали
Moscow,l1,x_los_part_2_tp.dxf,TEXT,Леса и газоны,   0.40,Служебные элементы,Горизонтали
Moscow,l1,x_los_part_2_tp.dxf,TEXT,Горизонтали,145,Горизонтали,Служебные элементы
Moscow,l1,x_los_part_2_tp.dxf,TEXT,Леса и газоны,   0.40,Служебные элементы,Горизонтали
Moscow,l1,x_los_part_2_tp.dxf,TEXT,Горизонтали,145,Горизонтали,Служебные элементы
Moscow,l1,x_los_part_2_tp.dxf,TEXT,Леса и газоны,   0.40,Служебные элементы,Горизонтали
Moscow,l1,x_los_part_2_tp.dxf,TEXT,Леса и газоны, 0.16,Служебные элементы,Горизонтали
Moscow,l1,x_los_part_2_tp.dxf,TEXT,Леса и газоны, 0.23,Служебные элементы,Горизонтали
Moscow,l1,x_los_part_2_tp.dxf,TEXT,Леса и газоны, 0.34,Служебные элементы,Горизонтали
Moscow,l1,x_los_part_2_tp.dxf,TEXT,Леса и газоны, 0.23,Служебные элементы,Горизонтали
Moscow,l1,x_los_part_2_tp.dxf,TEXT,Леса и газоны, 0.23,Служебные элементы,Горизонтали
Moscow,l1,x_los_part_2_tp.dxf,TEXT,Леса и газоны, 0.34,Служебные элементы,Горизонтали
Moscow,l1,x_los_part_2_tp.dxf,TEXT,Леса и газоны, 0.34,Служебные элементы,Горизонтали
Moscow,l1,x_los_part_2_tp.dxf,TEXT,Леса и газоны, 0.34,Служебные элементы,Горизонтали
Moscow,l1,x_los_part_2_tp.dxf,TEXT,Леса и газоны, 0.34,Служебные элементы,Горизонтали
Moscow,l1,x_los_part_2_tp.dxf,TEXT,Леса и газоны, 0.34,Служебные элементы,Горизонтали
Moscow,l1,x_los_part_2_tp.dxf,TEXT,Леса и газоны, 0.34,Служебные элементы,Горизонтали
Moscow,l1,x_los_part_2_tp.dxf,TEXT,Леса и газоны, 0.34,Служебные элементы,Горизонтали
Moscow,l1,x_los_part_2_tp.dxf,TEXT,Леса и газоны, 0.34,Служебные элементы,Горизонтали
Moscow,l1,x_los_part_2_tp.dxf,TEXT,Горизонтали,140,Горизонтали,Служебные элементы
Moscow,l1,x_los_part_2_tp.dxf,TEXT,Горизонтали,140,Горизонтали,Служебные элементы
Moscow,l1,x_los_part_2_tp.dxf,TEXT,Горизонтали,140,Горизонтали,Служебные элементы
Moscow,l1,x_los_part_2_tp.dxf,TEXT,Номер дома,17 К.1С.4,Здания и сооружения,Горизонтали
Moscow,l1,x_los_part_2_tp.dxf,TEXT,Горизонтали,140,Горизонтали,Служебные элементы
Moscow,l1,x_los_part_2_tp.dxf,TEXT,Горизонтали,140,Горизонтали,Служебные элементы
Moscow,l1,x_los_part_2_tp.dxf,TEXT,Горизонтали,140,Горизонтали,Служебные элементы
Moscow,l1,x_los_part_2_tp.dxf,TEXT,Горизонтали,140,Горизонтали,Служебные элементы
Moscow,l1,x_los_part_2_tp.dxf,TEXT,Горизонтали,140,Горизонтали,Служебные элементы
Moscow,l1,x_los_part_2_tp.dxf,TEXT,Горизонтали,140,Горизонтали,Служебные элементы
Moscow,l1,x_los_part_2_tp.dxf,TEXT,Горизонтали,140,Горизонтали,Служебные элементы
Moscow,l1,x_los_part_2_tp.dxf,TEXT,Горизонтали,140,Горизонтали,Служебные элементы
Moscow,l1,x_los_part_2_tp.dxf,TEXT,Горизонтали,140,Горизонтали,Служебные элементы
Moscow,l1,x_los_part_2_tp.dxf,TEXT,Горизонтали,140,Горизонтали,Служебные элементы
Moscow,l1,x_los_part_2_tp.dxf,TEXT,Горизонтали,140,Горизонтали,Служебные элементы
Moscow,l1,x_los_part_2_tp.dxf,TEXT,Горизонтали,140,Горизонтали,Служебные элементы
Moscow,l1,x_los_part_2_tp.dxf,TEXT,Горизонтали,140,Горизонтали,Служебные элементы
Moscow,l1,x_los_part_2_tp.dxf,TEXT,Граница улицы,ШОССЕ,Твердые покрытия,Элементы благоустройства
Moscow,l1,x_los_part_2_tp.dxf,TEXT,Горизонтали,140,Горизонтали,Служебные элементы
Moscow,l1,x_los_part_2_tp.dxf,TEXT,Горизонтали,140,Горизонтали,Служебные элементы
Moscow,l1,x_los_part_2_tp.dxf,TEXT,Просеки в лесу,ПРОСЕКА,Озеленение,Элементы благоустройства
Moscow,l1,x_los_part_2_tp.dxf,TEXT,Просеки в лесу,ПРОСЕКА,Озеленение,Элементы благоустройства
Moscow,l1,x_los_part_2_tp.dxf,TEXT,Горизонтали,140,Горизонтали,Служебные элементы
Moscow,l1,x_los_part_2_tp.dxf,TEXT,Горизонтали,140,Горизонтали,Служебные элементы
Moscow,l1,x_los_part_2_tp.dxf,TEXT,Горизонтали,135,Горизонтали,Служебные элементы
Moscow,l1,x_los_part_2_tp.dxf,TEXT,Горизонтали,135,Горизонтали,Служебные элементы
Moscow,l1,x_los_part_2_tp.dxf,TEXT,Горизонтали,134.31 Н.ТР,Рельеф,Служебные элементы
Moscow,l1,x_los_part_2_tp.dxf,TEXT,Горизонтали,140,Горизонтали,Служебные элементы
Moscow,l1,x_los_part_2_tp.dxf,TEXT,Граница улицы,УЛИЦА БОГАТЫРСКИЙ МОСТ,Элементы благоустройства,Твердые покрытия
Moscow,l1,x_los_part_2_tp.dxf,TEXT,Лестницы набережных,РАЗР.,Здания и сооружения,Элементы благоустройства
Moscow,l1,x_los_part_2_tp.dxf,TEXT,Леса и газоны,0.50,Служебные элементы,Озеленение
Moscow,l1,x_los_part_2_tp.dxf,TEXT,Леса и газоны,0.50,Служебные элементы,Озеленение
Moscow,l1,x_los_part_2_tp.dxf,TEXT,Леса и газоны,0.50,Служебные элементы,Озеленение
Moscow,l1,x_los_part_2_tp.dxf,TEXT,Леса и газоны,0.50,Служебные элементы,Озеленение
Moscow,l1,x_los_part_2_tp.dxf,TEXT,Здания, Ж,Здания и сооружения,Горизонтали
Moscow,l1,x_los_part_2_tp.dxf,TEXT,Здания, Ж,Здания и сооружения,Горизонтали
Moscow,l1,x_los_part_2_tp.dxf,TEXT,Леса и газоны,0.50,Служебные элементы,Озеленение
Moscow,l1,x_los_part_2_tp.dxf,TEXT,Леса и газоны, 0.10,Служебные элементы,Горизонтали
Moscow,l1,x_los_part_2_tp.dxf,TEXT,Горизонтали,140,Горизонтали,Служебные элементы
Moscow,l1,x_los_part_2_tp.dxf,TEXT,Горизонтали,140,Горизонтали,Служебные элементы
Moscow,l1,x_los_part_2_tp.dxf,TEXT,Береговая линия,136.85,Служебные элементы,Неизвестно
Moscow,l1,x_los_part_2_tp.dxf,TEXT,Береговая линия,136.17,Служебные элементы,Неизвестно
Moscow,l1,x_los_part_2_tp.dxf,TEXT,Береговая линия,136.07,Служебные элементы,Неизвестно
Moscow,l1,x_los_part_2_tp.dxf,TEXT,Береговая линия,136.32,Служебные элементы,Неизвестно
Moscow,l1,x_los_part_2_tp.dxf,TEXT,Береговая линия,136.15,Служебные элементы,Неизвестно
Moscow,l1,x_los_part_2_tp.dxf,TEXT,Горизонтали,140,Горизонтали,Служебные элементы
Moscow,l1,x_los_part_2_tp.dxf,TEXT,Береговая линия,0.2П,Неизвестно,Служебные элементы
Moscow,l1,x_los_part_2_tp.dxf,TEXT,Береговая линия,0.2,Служебные элементы,Неизвестно
Moscow,l1,x_los_part_2_tp.dxf,TEXT,Горизонтали,140,Горизонтали,Служебные элементы
Moscow,l1,x_los_part_2_tp.dxf,TEXT,Горизонтали,140,Горизонтали,Служебные элементы
Moscow,l1,x_los_part_2_tp.dxf,TEXT,Горизонтали,140,Горизонтали,Служебные элементы
Moscow,l1,x_los_part_2_tp.dxf,TEXT,Горизонтали,140,Горизонтали,Служебные элементы
Moscow,l1,x_los_part_2_tp.dxf,TEXT,Горизонтали,140,Горизонтали,Служебные элементы
Moscow,l1,x_los_part_2_tp.dxf,TEXT,Горизонтали,140,Горизонтали,Служебные элементы
Moscow,l1,x_los_part_2_tp.dxf,TEXT,Горизонтали,140,Горизонтали,Служебные элементы
Moscow,l1,x_los_part_2_tp.dxf,TEXT,Граница растительности и грунта,ЗАБОЛОЧЕНО,Озеленение,Водные объекты
Moscow,l1,x_los_part_2_tp.dxf,TEXT,Граница растительности и грунта,ЗАБОЛОЧЕНО,Озеленение,Водные объекты
Moscow,l1,x_los_part_2_tp.dxf,TEXT,Береговая линия,0.2,Служебные элементы,Неизвестно
Moscow,l1,x_los_part_2_tp.dxf,TEXT,Береговая линия,0.2,Служебные элементы,Неизвестно
Moscow,l1,x_los_part_2_tp.dxf,TEXT,Береговая линия,133.86,Служебные элементы,Неизвестно
Moscow,l1,x_los_part_2_tp.dxf,TEXT,Береговая линия,0.2П,Неизвестно,Служебные элементы
Moscow,l1,x_los_part_2_tp.dxf,TEXT,Береговая линия,0.2П,Неизвестно,Служебные элементы
Moscow,l1,x_los_part_2_tp.dxf,TEXT,Береговая линия,134.52,Служебные элементы,Неизвестно
Moscow,l1,x_los_part_2_tp.dxf,TEXT,Граница растительности и грунта,ЗАБОЛОЧЕНО,Озеленение,Водные объекты
Moscow,l1,x_los_part_2_tp.dxf,TEXT,Горизонтали,140,Горизонтали,Служебные элементы
Moscow,l1,x_los_part_2_tp.dxf,TEXT,Горизонтали,140,Горизонтали,Служебные элементы
Moscow,l1,x_los_part_2_tp.dxf,TEXT,Береговая линия,0.2П,Неизвестно,Служебные элементы
Moscow,l1,x_los_part_2_tp.dxf,TEXT,Горизонтали,135,Горизонтали,Служебные элементы
Moscow,l1,x_los_part_2_tp.dxf,TEXT,Горизонтали,135,Горизонтали,Служебные элементы
Moscow,l1,x_los_part_2_tp.dxf,TEXT,Горизонтали,135,Горизонтали,Служебные элементы
Moscow,l1,x_los_part_2_tp.dxf,TEXT,Горизонтали,140,Горизонтали,Служебные элементы
Moscow,l1,x_los_part_2_tp.dxf,TEXT,Горизонтали,140,Горизонтали,Служебные элементы
Moscow,l1,x_los_part_2_tp.dxf,TEXT,Горизонтали,140,Горизонтали,Служебные элементы
Moscow,l1,x_los_part_2_tp.dxf,TEXT,Горизонтали,140,Горизонтали,Служебные элементы
Moscow,l1,x_los_part_2_tp.dxf,TEXT,Горизонтали,140,Горизонтали,Служебные элементы
Moscow,l1,x_los_part_2_tp.dxf,TEXT,Горизонтали,140,Горизонтали,Служебные элементы
Moscow,l1,x_los_part_2_tp.dxf,TEXT,Горизонтали,140,Горизонтали,Служебные элементы
Moscow,l1,x_los_part_2_tp.dxf,TEXT,Горизонтали,140,Горизонтали,Служебные элементы
Moscow,l1,x_los_part_2_tp.dxf,TEXT,Береговая линия,133.16,Служебные элементы,Неизвестно
Moscow,l1,x_los_part_2_tp.dxf,TEXT,Береговая линия,133.75,Служебные элементы,Неизвестно
Moscow,l1,x_los_part_2_tp.dxf,TEXT,Береговая линия,0.2,Служебные элементы,Неизвестно
Moscow,l1,x_los_part_2_tp.dxf,TEXT,Береговая линия,0.2П,Неизвестно,Служебные элементы
Moscow,l1,x_los_part_2_tp.dxf,TEXT,Горизонтали,140,Горизонтали,Служебные элементы
Moscow,l1,x_los_part_2_tp.dxf,TEXT,Горизонтали,135,Горизонтали,Служебные элементы
Moscow,l1,x_los_part_2_tp.dxf,TEXT,Горизонтали,135,Горизонтали,Служебные элементы
Moscow,l1,x_los_part_2_tp.dxf,TEXT,Горизонтали,145,Горизонтали,Служебные элементы
Moscow,l1,x_los_part_2_tp.dxf,TEXT,Горизонтали,145,Горизонтали,Служебные элементы
Moscow,l1,x_los_part_2_tp.dxf,TEXT,Горизонтали,145,Горизонтали,Служебные элементы
Moscow,l1,x_los_part_2_tp.dxf,TEXT,Горизонтали,146.95В.ТР,Рельеф,Служебные элементы
Moscow,l1,x_los_part_2_tp.dxf,TEXT,Горизонтали,145,Горизонтали,Служебные элементы
Moscow,l1,x_los_part_2_tp.dxf,TEXT,Горизонтали,145,Горизонтали,Служебные элементы
Moscow,l1,x_los_part_2_tp.dxf,TEXT,Горизонтали,140,Горизонтали,Служебные элементы
Moscow,l1,x_los_part_2_tp.dxf,TEXT,Горизонтали,140,Горизонтали,Служебные элементы
Moscow,l1,x_los_part_2_tp.dxf,TEXT,Горизонтали,140,Горизонтали,Служебные элементы
Moscow,l1,x_los_part_2_tp.dxf,TEXT,Граница улицы,АЛЛЕЯ,Элементы благоустройства,Твердые покрытия
Moscow,l1,x_los_part_2_tp.dxf,TEXT,Горизонтали,145,Горизонтали,Служебные элементы
Moscow,l1,x_los_part_2_tp.dxf,TEXT,Горизонтали,145,Горизонтали,Служебные элементы
Moscow,l1,x_los_part_2_tp.dxf,TEXT,Горизонтали,145,Горизонтали,Служебные элементы
Moscow,l1,x_los_part_2_tp.dxf,TEXT,Леса и газоны, 0.22,Служебные элементы,Горизонтали
Moscow,l1,x_los_part_2_tp.dxf,TEXT,Отдельно стоящее дерево, 15,Горизонтали,Озеленение
Moscow,l1,x_los_part_2_tp.dxf,TEXT,Отдельно стоящее дерево, 15,Горизонтали,Озеленение
Moscow,l1,x_los_part_2_tp.dxf,TEXT,Отдельно стоящее дерево, 20,Горизонтали,Озеленение
Moscow,l1,x_los_part_2_tp.dxf,TEXT,Отдельно стоящее дерево, 20,Горизонтали,Озеленение
Moscow,l1,x_los_part_2_tp.dxf,TEXT,Отдельно стоящее дерево, 15,Горизонтали,Озеленение
Moscow,l1,x_los_part_2_tp.dxf,TEXT,Отдельно стоящее дерево, 15,Горизонтали,Озеленение
Moscow,l1,x_los_part_2_tp.dxf,TEXT,Топографические объекты,ВОРОТА,Инженерные сети,Неизвестно
Moscow,l1,x_los_part_2_tp.dxf,TEXT,Граница улицы,СОСНА,Озеленение,Элементы благоустройства
Moscow,l1,x_los_part_2_tp.dxf,TEXT,Просеки в лесу,ПРОСЕКА,Озеленение,Элементы благоустройства
Moscow,l1,x_los_part_2_tp.dxf,TEXT,Просеки в лесу,ПРОСЕКА,Озеленение,Элементы благоустройства
Moscow,l1,x_los_part_2_tp.dxf,TEXT,Просеки в лесу,ПРОСЕКА,Озеленение,Элементы благоустройства
Moscow,l1,x_los_part_2_tp.dxf,TEXT,Просеки в лесу,ПРОСЕКА,Озеленение,Элементы благоустройства
Moscow,l1,x_los_part_2_tp.dxf,TEXT,Горизонтали,145,Горизонтали,Служебные элементы
Moscow,l1,x_los_part_2_tp.dxf,TEXT,Горизонтали,145,Горизонтали,Служебные элементы
Moscow,l1,x_los_part_2_tp.dxf,TEXT,Береговая линия,0.1,Служебные элементы,Неизвестно
Moscow,l1,x_los_part_2_tp.dxf,TEXT,Горизонтали,145,Горизонтали,Служебные элементы
Moscow,l1,x_los_part_2_tp.dxf,TEXT,Горизонтали,145,Горизонтали,Служебные элементы
Moscow,l1,x_los_part_2_tp.dxf,TEXT,Горизонтали,145,Горизонтали,Служебные элементы
Moscow,l1,x_los_part_2_tp.dxf,TEXT,Горизонтали,145,Горизонтали,Служебные элементы
Moscow,l1,x_los_part_2_tp.dxf,TEXT,Горизонтали,145,Горизонтали,Служебные элементы
Moscow,l1,x_los_part_2_tp.dxf,TEXT,Горизонтали,145,Горизонтали,Служебные элементы
Moscow,l1,x_los_part_2_tp.dxf,TEXT,Просеки в лесу,ПРОСЕКА,Озеленение,Элементы благоустройства
Moscow,l1,x_los_part_2_tp.dxf,TEXT,Горизонтали,145,Горизонтали,Служебные элементы
Moscow,l1,x_los_part_2_tp.dxf,TEXT,Горизонтали,145,Горизонтали,Служебные элементы
Moscow,l1,x_los_part_2_tp.dxf,TEXT,Леса и газоны, ДУБ,Озеленение,Горизонтали
Moscow,l1,x_los_part_2_tp.dxf,TEXT,Леса и газоны, 10-12,Озеленение,Горизонтали
Moscow,l1,x_los_part_2_tp.dxf,TEXT,Леса и газоны, 0.10,Служебные элементы,Горизонтали
Moscow,l1,x_los_part_2_tp.dxf,TEXT,Леса и газоны, 10-12,Озеленение,Горизонтали
Moscow,l1,x_los_part_2_tp.dxf,TEXT,Леса и газоны, 0.10,Служебные элементы,Горизонтали
Moscow,l1,x_los_part_2_tp.dxf,TEXT,Леса и газоны, ДУБ,Озеленение,Горизонтали
Moscow,l1,x_los_part_2_tp.dxf,TEXT,Леса и газоны, 10-12,Озеленение,Горизонтали
Moscow,l1,x_los_part_2_tp.dxf,TEXT,Леса и газоны, 0.10,Служебные элементы,Горизонтали
Moscow,l1,x_los_part_2_tp.dxf,TEXT,Леса и газоны, ДУБ,Озеленение,Горизонтали
Moscow,l1,x_los_part_2_tp.dxf,TEXT,Леса и газоны, 0.15,Служебные элементы,Горизонтали
Moscow,l1,x_los_part_2_tp.dxf,TEXT,Леса и газоны, 0.10,Служебные элементы,Горизонтали
Moscow,l1,x_los_part_2_tp.dxf,TEXT,Леса и газоны, ДУБ,Озеленение,Горизонтали
Moscow,l1,x_los_part_2_tp.dxf,TEXT,Леса и газоны, 10-12,Озеленение,Горизонтали
Moscow,l1,x_los_part_2_tp.dxf,TEXT,Леса и газоны, 0.10,Служебные элементы,Горизонтали
Moscow,l1,x_los_part_2_tp.dxf,TEXT,Леса и газоны, ДУБ,Озеленение,Горизонтали
Moscow,l1,x_los_part_2_tp.dxf,TEXT,Леса и газоны, 0.15,Служебные элементы,Горизонтали
Moscow,l1,x_los_part_2_tp.dxf,TEXT,Леса и газоны, 0.10,Служебные элементы,Горизонтали
Moscow,l1,x_los_part_2_tp.dxf,TEXT,Леса и газоны, 0.10,Служебные элементы,Горизонтали
Moscow,l1,x_los_part_2_tp.dxf,TEXT,Леса и газоны,0.15-0.25,Озеленение,Служебные элементы
Moscow,l1,x_los_part_2_tp.dxf,TEXT,Леса и газоны, 10-12,Озеленение,Горизонтали
Moscow,l1,x_los_part_2_tp.dxf,TEXT,Леса и газоны, 0.10,Служебные элементы,Горизонтали
Moscow,l1,x_los_part_2_tp.dxf,TEXT,Леса и газоны, 0.34,Служебные элементы,Горизонтали
Moscow,l1,x_los_part_2_tp.dxf,TEXT,Леса и газоны,   0.10,Служебные элементы,Горизонтали
Moscow,l1,x_los_part_2_tp.dxf,TEXT,Леса и газоны, 0.10,Служебные элементы,Горизонтали
Moscow,l1,x_los_part_2_tp.dxf,TEXT,Леса и газоны, 0.10,Служебные элементы,Горизонтали
Moscow,l1,x_los_part_2_tp.dxf,TEXT,Просеки в лесу,ПРОСЕКА,Озеленение,Элементы благоустройства
Moscow,l1,x_los_part_2_tp.dxf,TEXT,Просеки в лесу,ПРОСЕКА,Озеленение,Элементы благоустройства
Moscow,l1,x_los_part_2_tp.dxf,TEXT,Горизонтали,145,Горизонтали,Служебные элементы
Moscow,l1,x_los_part_2_tp.dxf,TEXT,Геодезические пункты,ЛО248,Инженерные сети,Горизонтали
Moscow,l1,x_los_part_2_tp.dxf,TEXT,Горизонтали,145,Горизонтали,Служебные элементы
Moscow,l1,x_los_part_2_tp.dxf,TEXT,Горизонтали,145,Горизонтали,Служебные элементы
Moscow,l1,x_los_part_2_tp.dxf,TEXT,Просеки в лесу,ПРОСЕКА,Озеленение,Элементы благоустройства
Moscow,l1,x_los_part_2_tp.dxf,TEXT,Просеки в лесу,ПРОСЕКА,Озеленение,Элементы благоустройства
Moscow,l1,x_los_part_2_tp.dxf,TEXT,Горизонтали,145,Горизонтали,Служебные элементы
Moscow,l1,x_los_part_2_tp.dxf,TEXT,Леса и газоны, ДУБ,Озеленение,Горизонтали
Moscow,l1,x_los_part_2_tp.dxf,TEXT,Леса и газоны, ДУБ,Озеленение,Горизонтали
Moscow,l1,x_los_part_2_tp.dxf,TEXT,Береговая линия,151.47,Служебные элементы,Неизвестно
Moscow,l1,x_los_part_3_tp.dxf,TEXT,Леса и газоны,0.50,Служебные элементы,Озеленение
Moscow,l1,x_los_part_3_tp.dxf,TEXT,Береговая линия,КАНАВА -0.3,Неизвестно,Озеленение
Moscow,l1,x_los_part_3_tp.dxf,TEXT,Береговая линия,156.53,Служебные элементы,Неизвестно
Moscow,l1,x_los_part_3_tp.dxf,TEXT,Береговая линия,КАНАВА -0.3,Неизвестно,Озеленение
Moscow,l1,x_los_part_3_tp.dxf,TEXT,Береговая линия,КАНАВА -0.3,Неизвестно,Озеленение
Moscow,l1,x_los_part_3_tp.dxf,TEXT,Береговая линия,КАНАВА -0.3,Неизвестно,Озеленение
Moscow,l1,x_los_part_3_tp.dxf,TEXT,Топографические объекты,БЫТОВКА,Инженерные сети,Неизвестно
Moscow,l1,x_los_part_3_tp.dxf,TEXT,Леса и газоны, 0.23,Служебные элементы,Горизонтали
Moscow,l1,x_los_part_3_tp.dxf,TEXT,Леса и газоны, 0.15,Служебные элементы,Горизонтали
Moscow,l1,x_los_part_3_tp.dxf,TEXT,Леса и газоны,0.50,Служебные элементы,Озеленение
Moscow,l1,x_los_part_3_tp.dxf,TEXT,Береговая линия,0.3,Служебные элементы,Неизвестно
Moscow,l1,x_los_part_3_tp.dxf,TEXT,Береговая линия,146.02,Служебные элементы,Неизвестно
Moscow,l1,x_los_part_3_tp.dxf,TEXT,Граница растительности и грунта,ЗАБОЛОЧЕНО,Озеленение,Водные объекты
Moscow,l1,x_los_part_3_tp.dxf,TEXT,Береговая линия,0.3,Служебные элементы,Неизвестно
Moscow,l1,x_los_part_3_tp.dxf,TEXT,Береговая линия,147.86,Служебные элементы,Неизвестно
Moscow,l1,x_los_part_3_tp.dxf,TEXT,Береговая линия,147.09,Служебные элементы,Неизвестно
Moscow,l1,x_los_part_3_tp.dxf,TEXT,Леса и газоны, 0.17,Служебные элементы,Горизонтали
Moscow,l1,x_los_part_3_tp.dxf,TEXT,Береговая линия,148.65,Служебные элементы,Неизвестно
Moscow,l1,x_los_part_3_tp.dxf,TEXT,Береговая линия,149.70,Служебные элементы,Неизвестно
Moscow,l1,x_los_part_3_tp.dxf,TEXT,Леса и газоны,0.50,Служебные элементы,Озеленение
Moscow,l1,x_los_part_3_tp.dxf,TEXT,Береговая линия,Ц,Твердые покрытия,Неизвестно
Moscow,l1,x_los_part_3_tp.dxf,TEXT,Леса и газоны,0.50,Служебные элементы,Озеленение
Moscow,l1,x_los_part_3_tp.dxf,TEXT,Здания, 4-5 ,Здания и сооружения,Горизонтали
Moscow,l1,x_los_part_3_tp.dxf,TEXT,Здания, Ж,Здания и сооружения,Горизонтали
Moscow,l1,x_los_part_3_tp.dxf,TEXT,Здания, Ж,Здания и сооружения,Горизонтали
Moscow,l1,x_los_part_3_tp.dxf,TEXT,Здания, 4-5 ,Здания и сооружения,Горизонтали
Moscow,l1,x_los_part_3_tp.dxf,TEXT,Топографические объекты,ЛИФТ,Инженерные сети,Неизвестно
Moscow,l1,x_los_part_3_tp.dxf,TEXT,Топографические объекты,ВЕЛОПАРКОВКА,Инженерные сети,Неизвестно
Moscow,l1,x_los_part_3_tp.dxf,TEXT,Граница улицы,ЩЕПА,Элементы благоустройства,Водопроницаемые покрытия
Moscow,l1,x_los_part_3_tp.dxf,TEXT,Граница улицы,ЩЕПА,Элементы благоустройства,Водопроницаемые покрытия
Moscow,l1,x_los_part_3_tp.dxf,TEXT,Граница улицы,ЩЕПА,Элементы благоустройства,Водопроницаемые покрытия
Moscow,l1,x_los_part_3_tp.dxf,TEXT,Горизонтали,145,Горизонтали,Служебные элементы
Moscow,l1,x_los_part_3_tp.dxf,TEXT,Горизонтали,145,Горизонтали,Служебные элементы
Moscow,l1,x_los_part_3_tp.dxf,TEXT,Горизонтали,145,Горизонтали,Служебные элементы
Moscow,l1,x_los_part_3_tp.dxf,TEXT,Граница улицы,ЩЕПА,Элементы благоустройства,Водопроницаемые покрытия
Moscow,l1,x_los_part_3_tp.dxf,TEXT,Граница улицы,ЩЕПА,Элементы благоустройства,Водопроницаемые покрытия
Moscow,l1,x_los_part_3_tp.dxf,TEXT,Граница улицы,ГР,Озеленение,Элементы благоустройства
Moscow,l1,x_los_part_3_tp.dxf,TEXT,Береговая линия,156.67,Служебные элементы,Неизвестно
Moscow,l1,x_los_part_3_tp.dxf,TEXT,Отдельно стоящее дерево,          13,Горизонтали,Озеленение
Moscow,l1,x_los_part_3_tp.dxf,TEXT,Отдельно стоящее дерево,         0.15,Служебные элементы,Озеленение
Moscow,l1,x_los_part_3_tp.dxf,TEXT,Береговая линия,КАНАВА-1.0,Неизвестно,Озеленение
Moscow,l1,x_los_part_3_tp.dxf,TEXT,Береговая линия,КАНАВА-1.0,Неизвестно,Озеленение
Moscow,l1,x_los_part_3_tp.dxf,TEXT,Береговая линия,КАНАВА-1.0,Неизвестно,Озеленение
Moscow,l1,x_los_part_3_tp.dxf,TEXT,Береговая линия,КАНАВА-1.0,Неизвестно,Озеленение
Moscow,l1,x_los_part_3_tp.dxf,TEXT,Береговая линия,0.1,Служебные элементы,Неизвестно
Moscow,l1,x_los_part_3_tp.dxf,TEXT,Береговая линия,0.2В,Неизвестно,Служебные элементы
Moscow,l1,x_los_part_3_tp.dxf,TEXT,Береговая линия,155.92,Служебные элементы,Неизвестно
Moscow,l1,x_los_part_3_tp.dxf,TEXT,Береговая линия,155.85,Служебные элементы,Неизвестно
Moscow,l1,x_los_part_3_tp.dxf,TEXT,Береговая линия,155.36,Служебные элементы,Неизвестно
Moscow,l1,x_los_part_3_tp.dxf,TEXT,Береговая линия,0.1,Служебные элементы,Неизвестно
Moscow,l1,x_los_part_3_tp.dxf,TEXT,Береговая линия,КАНАВА-1.0,Неизвестно,Озеленение
Moscow,l1,x_los_part_3_tp.dxf,TEXT,Береговая линия,КАНАВА-1.0,Неизвестно,Озеленение
Moscow,l1,x_los_part_3_tp.dxf,TEXT,Береговая линия,КАНАВА-1.0,Неизвестно,Озеленение
Moscow,l1,x_los_part_3_tp.dxf,TEXT,Береговая линия,КАНАВА-1.0,Неизвестно,Озеленение
Moscow,l1,x_los_part_3_tp.dxf,TEXT,Береговая линия,КАНАВА-1.0,Неизвестно,Озеленение
Moscow,l1,x_los_part_3_tp.dxf,TEXT,Береговая линия,КАНАВА-1.0,Неизвестно,Озеленение
Moscow,l1,x_los_part_3_tp.dxf,TEXT,Береговая линия,КАНАВА-1.0,Неизвестно,Озеленение
Moscow,l1,x_los_part_3_tp.dxf,TEXT,Береговая линия,КАНАВА-1.0,Неизвестно,Озеленение
Moscow,l1,x_los_part_3_tp.dxf,TEXT,Леса и газоны, 0.26,Служебные элементы,Горизонтали
Moscow,l1,x_los_part_3_tp.dxf,TEXT,Береговая линия,149.30,Служебные элементы,Неизвестно
Moscow,l1,x_los_part_3_tp.dxf,TEXT,Береговая линия,149.43,Служебные элементы,Неизвестно
Moscow,l1,x_los_part_3_tp.dxf,TEXT,Береговая линия,0.1,Служебные элементы,Неизвестно
Moscow,l1,x_los_part_3_tp.dxf,TEXT,Береговая линия,150.55,Служебные элементы,Неизвестно
Moscow,l1,x_los_part_3_tp.dxf,TEXT,Береговая линия,0.1,Служебные элементы,Неизвестно
Moscow,l1,x_los_part_3_tp.dxf,TEXT,Береговая линия,149.67,Служебные элементы,Неизвестно
Moscow,l1,x_los_part_3_tp.dxf,TEXT,Береговая линия,150.02,Служебные элементы,Неизвестно
Moscow,l1,x_los_part_3_tp.dxf,TEXT,Береговая линия,150.30,Служебные элементы,Неизвестно
Moscow,l1,x_los_part_3_tp.dxf,TEXT,Береговая линия,150.47,Служебные элементы,Неизвестно
Moscow,l1,x_los_part_3_tp.dxf,TEXT,Береговая линия,0.1,Служебные элементы,Неизвестно
Moscow,l1,x_los_part_3_tp.dxf,TEXT,Береговая линия,0.1,Служебные элементы,Неизвестно
Moscow,l1,x_los_part_3_tp.dxf,TEXT,Береговая линия,0.1,Служебные элементы,Неизвестно
Moscow,l1,x_los_part_3_tp.dxf,TEXT,Леса и газоны, 0.26,Служебные элементы,Горизонтали
Moscow,l1,x_los_part_3_tp.dxf,TEXT,Леса и газоны,   0.22,Служебные элементы,Горизонтали
Moscow,l1,x_los_part_3_tp.dxf,TEXT,Леса и газоны,   0.22,Служебные элементы,Горизонтали
Moscow,l1,x_los_part_3_tp.dxf,TEXT,Леса и газоны,   0.35,Служебные элементы,Горизонтали
Moscow,l1,x_los_part_3_tp.dxf,TEXT,Леса и газоны,   0.35,Служебные элементы,Горизонтали
Moscow,l1,x_los_part_3_tp.dxf,TEXT,Леса и газоны, 0.26,Служебные элементы,Горизонтали
Moscow,l1,x_los_part_3_tp.dxf,TEXT,Леса и газоны, 0.26,Служебные элементы,Горизонтали
Moscow,l1,x_los_part_3_tp.dxf,TEXT,Просеки в лесу,ПРОСЕКА,Озеленение,Элементы благоустройства
Moscow,l1,x_los_part_3_tp.dxf,TEXT,Просеки в лесу,ПРОСЕКА,Озеленение,Элементы благоустройства
Moscow,l1,x_los_part_3_tp.dxf,TEXT,Просеки в лесу,ПРОСЕКА,Озеленение,Элементы благоустройства
Moscow,l1,x_los_part_3_tp.dxf,TEXT,Просеки в лесу,ПРОСЕКА,Озеленение,Элементы благоустройства
Moscow,l1,x_los_part_3_tp.dxf,TEXT,Просеки в лесу,ПРОСЕКА,Озеленение,Элементы благоустройства
Moscow,l1,x_los_part_3_tp.dxf,TEXT,Просеки в лесу,ПРОСЕКА,Озеленение,Элементы благоустройства
Moscow,l1,x_los_part_3_tp.dxf,TEXT,Просеки в лесу,ПРОСЕКА,Озеленение,Элементы благоустройства
Moscow,l1,x_los_part_3_tp.dxf,TEXT,Просеки в лесу,ПРОСЕКА,Озеленение,Элементы благоустройства
Moscow,l1,x_los_part_3_tp.dxf,TEXT,Просеки в лесу,ПРОСЕКА,Озеленение,Элементы благоустройства
Moscow,l1,x_los_part_3_tp.dxf,TEXT,Просеки в лесу,ПРОСЕКА,Озеленение,Элементы благоустройства
Moscow,l1,x_los_part_3_tp.dxf,TEXT,Просеки в лесу,ПРОСЕКА,Озеленение,Элементы благоустройства
Moscow,l1,x_los_part_3_tp.dxf,TEXT,Просеки в лесу,ПРОСЕКА,Озеленение,Элементы благоустройства
Moscow,l1,x_los_part_3_tp.dxf,TEXT,Просеки в лесу,ПРОСЕКА,Озеленение,Элементы благоустройства
Moscow,l1,x_los_part_3_tp.dxf,TEXT,Просеки в лесу,ПРОСЕКА,Озеленение,Элементы благоустройства
Moscow,l1,x_los_part_3_tp.dxf,TEXT,Просеки в лесу,ПРОСЕКА,Озеленение,Элементы благоустройства
Moscow,l1,x_los_part_3_tp.dxf,TEXT,Просеки в лесу,ПРОСЕКА,Озеленение,Элементы благоустройства
Moscow,l1,x_los_part_3_tp.dxf,TEXT,Просеки в лесу,ПРОСЕКА,Озеленение,Элементы благоустройства
Moscow,l1,x_los_part_3_tp.dxf,TEXT,Просеки в лесу,ПРОСЕКА,Озеленение,Элементы благоустройства
Moscow,l1,x_los_part_3_tp.dxf,TEXT,Просеки в лесу,ПРОСЕКА,Озеленение,Элементы благоустройства
Moscow,l1,x_los_part_3_tp.dxf,TEXT,Просеки в лесу,ПРОСЕКА,Озеленение,Элементы благоустройства
Moscow,l1,x_los_part_3_tp.dxf,TEXT,Просеки в лесу,ПРОСЕКА,Озеленение,Элементы благоустройства
Moscow,l1,x_los_part_3_tp.dxf,TEXT,Просеки в лесу,ПРОСЕКА,Озеленение,Элементы благоустройства
Moscow,l1,x_los_part_3_tp.dxf,TEXT,Просеки в лесу,ПРОСЕКА,Озеленение,Элементы благоустройства
Moscow,l1,x_los_part_3_tp.dxf,TEXT,Просеки в лесу,ПРОСЕКА,Озеленение,Элементы благоустройства
Moscow,l1,x_los_part_3_tp.dxf,TEXT,Просеки в лесу,ПРОСЕКА,Озеленение,Элементы благоустройства
Moscow,l1,x_los_part_3_tp.dxf,TEXT,Просеки в лесу,ПРОСЕКА,Озеленение,Элементы благоустройства
Moscow,l1,x_los_part_3_tp.dxf,TEXT,Просеки в лесу,ПРОСЕКА,Озеленение,Элементы благоустройства
Moscow,l1,x_los_part_3_tp.dxf,TEXT,Просеки в лесу,ПРОСЕКА,Озеленение,Элементы благоустройства
Moscow,l1,x_los_part_3_tp.dxf,TEXT,Просеки в лесу,ПРОСЕКА,Озеленение,Элементы благоустройства
Moscow,l1,x_los_part_3_tp.dxf,TEXT,Просеки в лесу,ПРОСЕКА,Озеленение,Элементы благоустройства
Moscow,l1,x_los_part_3_tp.dxf,TEXT,Просеки в лесу,ПРОСЕКА,Озеленение,Элементы благоустройства
Moscow,l1,x_los_part_3_tp.dxf,TEXT,Просеки в лесу,ПРОСЕКА,Озеленение,Элементы благоустройства
Moscow,l1,x_los_part_3_tp.dxf,TEXT,Береговая линия,КАНАВА - 0.8,Неизвестно,Озеленение
Moscow,l1,x_los_part_3_tp.dxf,TEXT,Береговая линия,КАНАВА-1.2,Неизвестно,Озеленение
Moscow,l1,x_los_part_3_tp.dxf,TEXT,Береговая линия,КАНАВА -0.3,Неизвестно,Озеленение
Moscow,l1,x_los_part_3_tp.dxf,TEXT,Береговая линия,КАНАВА -0.3,Неизвестно,Озеленение
Moscow,l1,x_los_part_3_tp.dxf,TEXT,Береговая линия,КАНАВА -0.3,Неизвестно,Озеленение
Moscow,l1,x_los_part_3_tp.dxf,TEXT,Береговая линия,КАНАВА -0.3,Неизвестно,Озеленение
Moscow,l1,x_los_part_3_tp.dxf,TEXT,Просеки в лесу,ПРОСЕКА,Озеленение,Элементы благоустройства
Moscow,l1,x_los_part_3_tp.dxf,TEXT,Просеки в лесу,ПРОСЕКА,Озеленение,Элементы благоустройства
Moscow,l1,x_los_part_3_tp.dxf,TEXT,Граница растительности и грунта,ЗАБОЛОЧЕНО,Озеленение,Водные объекты
Moscow,l1,x_los_part_3_tp.dxf,TEXT,Береговая линия,155.14,Служебные элементы,Неизвестно
Moscow,l1,x_los_part_3_tp.dxf,TEXT,Просеки в лесу,ПРОСЕКА,Озеленение,Элементы благоустройства
Moscow,l1,x_los_part_3_tp.dxf,TEXT,Береговая линия,154.32,Служебные элементы,Неизвестно
Moscow,l1,x_los_part_3_tp.dxf,TEXT,Береговая линия,154.80,Служебные элементы,Неизвестно
Moscow,l1,x_los_part_3_tp.dxf,TEXT,Береговая линия,154.67,Служебные элементы,Неизвестно
Moscow,l1,x_los_part_3_tp.dxf,TEXT,Береговая линия,0.01,Служебные элементы,Неизвестно
Moscow,l1,x_los_part_3_tp.dxf,TEXT,Береговая линия,0.01,Служебные элементы,Неизвестно
Moscow,l1,x_los_part_3_tp.dxf,TEXT,Береговая линия,0.2В,Неизвестно,Служебные элементы
Moscow,l1,x_los_part_3_tp.dxf,TEXT,Береговая линия,0.2В,Неизвестно,Служебные элементы
Moscow,l1,x_los_part_3_tp.dxf,TEXT,Береговая линия,154.29,Служебные элементы,Неизвестно
Moscow,l1,x_los_part_3_tp.dxf,TEXT,Просеки в лесу,ПРОСЕКА,Озеленение,Элементы благоустройства
Moscow,l1,x_los_part_3_tp.dxf,TEXT,Просеки в лесу,ПРОСЕКА,Озеленение,Элементы благоустройства
Moscow,l1,x_los_part_3_tp.dxf,TEXT,Береговая линия,КАНАВА-1.2,Неизвестно,Озеленение
Moscow,l1,x_los_part_3_tp.dxf,TEXT,Береговая линия,КАНАВА-1.2,Неизвестно,Озеленение
Moscow,l1,x_los_part_3_tp.dxf,TEXT,Леса и газоны,         0.21,Служебные элементы,Горизонтали
Moscow,l1,x_los_part_3_tp.dxf,TEXT,Леса и газоны,         0.21,Служебные элементы,Горизонтали
Moscow,l1,x_los_part_3_tp.dxf,TEXT,Леса и газоны,         0.21,Служебные элементы,Горизонтали
Moscow,l1,x_los_part_3_tp.dxf,TEXT,Леса и газоны,        0.19,Служебные элементы,Горизонтали
Moscow,l1,x_los_part_3_tp.dxf,TEXT,Леса и газоны,        0.19,Служебные элементы,Горизонтали
Moscow,l1,x_los_part_3_tp.dxf,TEXT,Леса и газоны,         0.21,Служебные элементы,Горизонтали
Moscow,l1,x_los_part_3_tp.dxf,TEXT,Леса и газоны,         0.21,Служебные элементы,Горизонтали
Moscow,l1,x_los_part_3_tp.dxf,TEXT,Леса и газоны,         0.22,Служебные элементы,Горизонтали
Moscow,l1,x_los_part_3_tp.dxf,TEXT,Леса и газоны,         0.22,Служебные элементы,Горизонтали
Moscow,l1,x_los_part_3_tp.dxf,TEXT,Леса и газоны,         0.21,Служебные элементы,Горизонтали
Moscow,l1,x_los_part_3_tp.dxf,TEXT,Леса и газоны,         0.22,Служебные элементы,Горизонтали
Moscow,l1,x_los_part_3_tp.dxf,TEXT,Леса и газоны,         0.22,Служебные элементы,Горизонтали
Moscow,l1,x_los_part_3_tp.dxf,TEXT,Леса и газоны,         0.22,Служебные элементы,Горизонтали
Moscow,l1,x_los_part_3_tp.dxf,TEXT,Леса и газоны,         0.22,Служебные элементы,Горизонтали
Moscow,l1,x_los_part_3_tp.dxf,TEXT,Леса и газоны,         0.22,Служебные элементы,Горизонтали
Moscow,l1,x_los_part_3_tp.dxf,TEXT,Леса и газоны,         0.21,Служебные элементы,Горизонтали
Moscow,l1,x_los_part_3_tp.dxf,TEXT,Леса и газоны,         0.21,Служебные элементы,Горизонтали
Moscow,l1,x_los_part_3_tp.dxf,TEXT,Леса и газоны,         0.21,Служебные элементы,Горизонтали
Moscow,l1,x_los_part_3_tp.dxf,TEXT,Леса и газоны,         0.21,Служебные элементы,Горизонтали
Moscow,l1,x_los_part_3_tp.dxf,TEXT,Леса и газоны,         0.21,Служебные элементы,Горизонтали
Moscow,l1,x_los_part_3_tp.dxf,TEXT,Леса и газоны,         0.21,Служебные элементы,Горизонтали
Moscow,l1,x_los_part_3_tp.dxf,TEXT,Леса и газоны,         0.22,Служебные элементы,Горизонтали
Moscow,l1,x_los_part_3_tp.dxf,TEXT,Леса и газоны,         0.21,Служебные элементы,Горизонтали
Moscow,l1,x_los_part_3_tp.dxf,TEXT,Леса и газоны,         0.21,Служебные элементы,Горизонтали
Moscow,l1,x_los_part_3_tp.dxf,TEXT,Береговая линия,0.3,Служебные элементы,Неизвестно
Moscow,l1,x_los_part_3_tp.dxf,TEXT,Береговая линия,148.35,Служебные элементы,Неизвестно
Moscow,l1,x_los_part_3_tp.dxf,TEXT,Береговая линия,146.36,Служебные элементы,Неизвестно
Moscow,l1,x_los_part_3_tp.dxf,TEXT,Береговая линия,149.05,Служебные элементы,Неизвестно
Moscow,l1,x_los_part_3_tp.dxf,TEXT,Береговая линия,149.23,Служебные элементы,Неизвестно
Moscow,l1,x_los_part_3_tp.dxf,TEXT,Береговая линия,0.3,Служебные элементы,Неизвестно
Moscow,l1,x_los_part_3_tp.dxf,TEXT,Горизонтали,145,Горизонтали,Служебные элементы
Moscow,l1,x_los_part_3_tp.dxf,TEXT,Береговая линия,Ц,Твердые покрытия,Неизвестно
Moscow,l1,x_los_part_3_tp.dxf,TEXT,Береговая линия,Ц,Твердые покрытия,Неизвестно
Moscow,l1,x_los_part_3_tp.dxf,TEXT,Горизонтали,145,Горизонтали,Служебные элементы
Moscow,l1,x_los_part_3_tp.dxf,TEXT,Береговая линия,145.80,Служебные элементы,Неизвестно
Moscow,l1,x_los_part_3_tp.dxf,TEXT,Береговая линия,0.3,Служебные элементы,Неизвестно
Moscow,l1,x_los_part_3_tp.dxf,TEXT,Горизонтали,145,Горизонтали,Служебные элементы
Moscow,l1,x_los_part_3_tp.dxf,TEXT,Здания, Ж,Здания и сооружения,Горизонтали
Moscow,l1,x_los_part_3_tp.dxf,TEXT,Здания, Ж,Здания и сооружения,Горизонтали
Moscow,l1,x_los_part_3_tp.dxf,TEXT,Леса и газоны, 0.40,Служебные элементы,Горизонтали
Moscow,l1,x_los_part_3_tp.dxf,TEXT,Леса и газоны, 0.21,Служебные элементы,Горизонтали
Moscow,l1,x_los_part_3_tp.dxf,TEXT,Береговая линия,152.23,Служебные элементы,Неизвестно
Moscow,l1,x_los_part_3_tp.dxf,TEXT,Береговая линия,152.95,Служебные элементы,Неизвестно
Moscow,l1,x_los_part_3_tp.dxf,TEXT,Береговая линия,153.80,Служебные элементы,Неизвестно
Moscow,l1,x_los_part_3_tp.dxf,TEXT,Береговая линия,154.52,Служебные элементы,Неизвестно
Moscow,l1,x_los_part_3_tp.dxf,TEXT,Граница растительности и грунта,ЗАБОЛОЧЕНО,Озеленение,Водные объекты
Moscow,l1,x_los_part_3_tp.dxf,TEXT,Граница растительности и грунта,ЗАБОЛОЧЕНО,Озеленение,Водные объекты
Moscow,l1,x_los_part_3_tp.dxf,TEXT,Пояснительные подписи,ГРУНТА,Служебные элементы,Озеленение
Moscow,l1,x_los_part_3_tp.dxf,TEXT,Пояснительные подписи,ГРУНТА,Служебные элементы,Озеленение
Moscow,l1,x_los_part_3_tp.dxf,TEXT,Леса и газоны, 15-20,Озеленение,Горизонтали
Moscow,l1,x_los_part_3_tp.dxf,TEXT,Леса и газоны,0.20-0.35,Озеленение,Служебные элементы
Moscow,l1,x_los_part_3_tp.dxf,TEXT,Леса и газоны, 15-20,Озеленение,Горизонтали
Moscow,l1,x_los_part_3_tp.dxf,TEXT,Леса и газоны,0.20-0.35,Озеленение,Служебные элементы
Moscow,l1,x_los_part_3_tp.dxf,TEXT,Граница улицы,156.22,Служебные элементы,Элементы благоустройства
Moscow,l1,x_los_part_3_tp.dxf,TEXT,Граница улицы,156.97,Служебные элементы,Элементы благоустройства
Moscow,l1,x_los_part_3_tp.dxf,TEXT,Граница улицы,156.09,Служебные элементы,Элементы благоустройства
Moscow,l1,x_los_part_3_tp.dxf,TEXT,Береговая линия,155.90,Служебные элементы,Неизвестно
Moscow,l1,x_los_part_3_tp.dxf,TEXT,Береговая линия,155.90,Служебные элементы,Неизвестно
Moscow,l1,x_los_part_3_tp.dxf,TEXT,Береговая линия,155.90,Служебные элементы,Неизвестно
